id;nome;foto;status
1;Luciano Wendler;Luciano Wendler/garen_1.jpg;Sincronizado
2;Anderson Merotto;Anderson Merotto/garen_2.jpg;Sincronizado
3;Pablo Henrique;Pablo Henrique/garen_3.jpg;Sincronizado
4;Jhoni;Jhoni/garen_4.jpg;Sincronizado
5;Joao Carvalho;Joao Carvalho/garen_5.jpg;Sincronizado
6;Regiane;Regiane/garen_6.jpg;Sincronizado
7;Cristtofer;Cristtofer/garen_7.jpg;Sincronizado
8;Guilherme Busato;Guilherme Busato/garen_8.jpg;Sincronizado
9;Mariana;Mariana/garen_9.jpg;Sincronizado
10;Moyzes;Moyzes/garen_10.jpg;Sincronizado
11;Guilherme Leite;Guilherme Leite/garen_11.jpg;Sincronizado
12;Victor Hugo;Victor Hugo/garen_12.jpg;Sincronizado
13;Nilson;Nilson/garen_13.jpg;Sincronizado
14;William Schultz;William Schultz/garen_14.jpg;Sincronizado
15;Julio;Julio/garen_15.jpg;Sincronizado
16;Henrique;Henrique/garen_16.jpg;Sincronizado
17;Yago;Yago/garen_17.jpg;Sincronizado
18;Bruno;Bruno/garen_18.jpg;Sincronizado
19;Ederson;Ederson/garen_19.jpg;Sincronizado
21;Eduardo  Chesine;Eduardo  Chesine/garen_21.jpg;Sincronizado
22;RENAN;RENAN/garen_22.jpg;Sincronizado
23;kaua V;kaua V/garen_23.jpg;Sincronizado
24;diego;diego/garen_24.jpg;Sincronizado
25;samuel;samuel/garen_25.jpg;Sincronizado
26;Joao Molleta;Joao Molleta/garen_26.jpg;Sincronizado
27;kauan rosas;kauan rosas/garen_27.jpg;Sincronizado
28;PEDRO;PEDRO/garen_28.jpg;Sincronizado
29;bruno lacerda;;Sem foto no download
30;Jaime;Jaime/garen_30.jpg;Sincronizado
31;Pablo B;Pablo B/garen_31.jpg;Sincronizado
32;valdenir;valdenir/garen_32.jpg;Sincronizado
33;Roberson M;Roberson M/garen_33.jpg;Sincronizado
